Feature,Importance
 Fwd Packet Length Mean,0.09492590386513465
 Avg Fwd Segment Size,0.07779306614040335
 Fwd Packet Length Max,0.06434764251967613
 Subflow Fwd Bytes,0.060603385467965905
Init_Win_bytes_forward,0.055045564865527086
Total Length of Fwd Packets,0.05049375944201198
 Bwd Packet Length Min,0.04586589566168913
 act_data_pkt_fwd,0.04557041764140303
 Fwd IAT Mean,0.04078584233876001
 Total Fwd Packets,0.03605157390384129
